{"stats":{"minecraft:custom":{"minecraft:time_since_rest":81192,"minecraft:sprint_one_cm":20269,"minecraft:walk_one_cm":57839,"minecraft:mob_kills":6,"minecraft:drop":2,"minecraft:undead_killed":3,"minecraft:fly_one_cm":550742,"minecraft:crouch_one_cm":640,"minecraft:play_time":81192,"minecraft:sneak_time":2743,"minecraft:aviate_one_cm":376016,"minecraft:jump":149,"minecraft:leave_game":6,"minecraft:time_since_death":81192,"minecraft:climb_one_cm":600,"minecraft:total_world_time":81192},"minecraft:used":{"create:handheld_worldshaper":7,"createteleporters:teleporter":7,"create:windmill_bearing":2,"create:schematic_table":3,"man_of_many_planes:scarlet_biplane":1,"createornithopterglider:ornithopterglider_red":6,"biomesoplenty:red_maple_leaves":122,"biomesoplenty:redwood_planks":3,"create:train_door":4,"mcwfurnitures:crimson_modern_wardrobe":2,"create_jetpack:netherite_jetpack":6,"create:creative_motor":5,"create:railway_casing":35,"createteleporters:quantum_fluid_bucket":6,"createteleporters:custom_portal":2,"create:mechanical_pump":1,"createteleporters:tp_rec":4,"create:cogwheel":4,"create:redstone_contact":2,"create:schematicannon":3,"biomesoplenty:dead_planks":40,"create:fluid_pipe":1,"create:creative_fluid_tank":1,"mcwfurnitures:stripped_mangrove_modern_wardrobe":2,"create:creative_crate":11},"minecraft:killed":{"minecraft:skeleton":1,"born_in_chaos_v1:phantom_creeper_copy":2,"minecraft:zombie":2,"minecraft:creeper":1},"minecraft:picked_up":{"createteleporters:adv_tplink":2,"minecraft:arrow":1,"createteleporters:quantum_fluid_bucket":2,"createteleporters:tp_link":2,"minecraft:wheat_seeds":3,"create:empty_schematic":3},"minecraft:dropped":{"createteleporters:quantum_fluid_bucket":2}},"DataVersion":3955}